,,Jean-Luc Mélenchon,Yannick Jadot,Valérie Pécresse,Emmanuel Macron,Anne Hidalgo,Marine Le Pen,Eric Zemmour,Fabien Roussel,Sources,Sources Zemmour,Sources Mélenchon,Sources Valérie Pécresse,Sources MLP,Sources Roussel,Sources Hidalgo,Sources Jadot
Société,,,,,,,,,,,,,,,,,
"Concernant la PMA il faut selon vous:
PMA: procréation médicalement assistée.
","Revenir sur la loi du 02 août 2021 et réserver cette pratique aux couples hétérosexuels infertiles, excluant le recours à la PMA par des femmes seules ou des couples de femmes",-1,-1,-1,-1,-1,-1,1,-1,,https://tetu.com/2021/12/07/election-presidentielle-2022-eric-zemmour-programme-lgbt-bourdin-direct-bloquer-pma-pour-toutes/,https://www.huffingtonpost.fr/entry/jean-luc-melenchon-pma-une-revolution_fr_5d8b92fbe4b08f48f4ae3b2a,https://www.tf1info.fr/politique/vdeo-mission-convaincre-sur-lci-mes-convictions-evoluent-avec-celles-de-la-societe-valerie-pecresse-precise-ses-positions-sur-le-mariage-pour-tous-la-pma-et-la-gpa-2208768.html,,,,
,"Ne rien changer (depuis la loi relative à la bioéthique du 02 août 2021, la PMA est ouvert aux femmes seules ou aux couples de femmes, en plus des couples hétérosexuels infertiles)",1,"0.5",1,1,1,1,-1,1,,,,,,,,
,"Elargir le recours à la PMA en permettant à la personne ou au couple y recourant de faire appel à un donneur de sperme, qui effectue ce don dans un cadre privé et gratuit, plutôt que de devoir recourir à une banque de sperme; et / ou en autorisant la technique de la ROPA.",0,1,"-0.5",0,0,"-0.5",-1,0,,,,,,,,
,,,,,,,,,,,,,,,,,
Concernant la GPA il faut selon vous: GPA: Gestation pour autrui.,"Maintenir l'interdiction de la GPA en France mais faciliter la transcription totale des registres de l'Etat civil, ce qui permettrait par exemple à l'enfant d'un couple d'hommes ayant recours à la GPA d'être reconnu comme leur fils, et comme français.",0,1,-1,-1,0,-1,-1,-1,,,,,,,,
,"Ne rien changer à la législation en vigeur, qui ne reconnaît que la parenté biologique pour l'inscription aux registres de l'Etat civil français.",1,-1,1,1,1,1,1,1,,,,,,,,
,,,,,,,,,,,,,,,,,
"Concernant la consommation de cannabis, vous êtes: ","Favorable à sa légalisation, la production et la vente étant encadrées par des lois comme les autres activités.",1,1,-1,-1,"0.5",-1,-1,"0.5",,,,,,,,
,Opposé à tout assouplissement de la législation en vigueur.,-1,-1,1,1,1,1,1,1,,https://twitter.com/ZemmourEric/status/1471586684169076736,https://www.franceculture.fr/emissions/le-billet-politique/cannabis-legaliser-ou-pas,https://www.franceculture.fr/emissions/le-billet-politique/cannabis-legaliser-ou-pas,,,,
,,,,,,,,,,,,,,,,,
"Concernant la laïcité, selon vous:","La laïcité doit permettre la libre expression de la religion dans l'espace public, il faut donc lutter davantage contre la stigmatisation des religions et veiller à ce que les croyants puissent vivre leur foi librement.",1,1,-1,0,"0.5",-1,-1,-1,,,,https://regardsprotestants.com/societe/laicite-que-proposent-les-candidats-a-lelection-presidentielle-de-2022/,,,,
,"L'application actuelle de la laïcité est équilibrée et suffisante, notamment en matière de port de signes religieux: ils sont interdits à l'école mais permis en public, sauf le port de la burqa.",0,0,"-0.5",1,1,-1,-1,"0.5",,,,,,,,
,"Il est nécessaire d'exercer davantage de fermeté dans l'application du principe de laïcité afin de lutter contre les dérives extrémistes. Il faut donc renforcer son application au sein de la fonction publique, à travers un serment de laïcité pour les fonctionnaires par exemple, voire l'interdiction de certaines tenues (burkini, port de signes religieux lors de sorties scolaires au nom de la laïcité à l'école).",-1,-1,1,0,0,"0.5","0.5",1,,,,,,,,
,"La religion doit être une affaire privée. Au nom de la laïcité, il importe donc d'exclure totalement le port de signes religieux de l'espace public (voile, kippa compris), mais également au sein des entreprises et des administrations.",-1,-1,-1,-1,-1,1,1,-1,,,,,,,,
,,,,,,,,,,,,,,,,,
"Concernant les médias, il faut",Supprimer la redevance audiovisuelle et privatiser plus encore l’espace audiovisuel français,-1,-1,"0.5",-0.5,-1,0.5,1,-1,,,,,,https://d3n8a8pro7vhmx.cloudfront.net/fabienroussel2022/pages/217/attachments/original/1643038967/exe_la_france_des_jours_heureux_LIVRE_stc.pdf?1643038967,,https://assets.nationbuilder.com/2022lecologie/pages/1114/attachments/original/1645091108/16-02-2022_CPporte-parolatYJ_Concentration_des_m%C3%A9dias.pdf?1645091108
,Adopter des lois anti-concentrations limitant la possibilité pour une même entreprise de posséder plusieurs médias ,1,1,0,-1,1,0,-1,1,,,,"https://www.gala.fr/l_actu/news_de_stars/video-roselyne-bachelot-vent-debout-contre-valerie-pecresse-vraiment-je-ne-comprends-pas_483196

https://www.lemonde.fr/idees/article/2021/11/16/l-audiovisuel-public-un-enjeu-democratique-au-c-ur-de-la-presidentielle_6102200_3232.html",,,,
,Ne rien changer ,0,0,0,1,0,0,0,0,,,,,,,,
,,,,,,,,,,,,,,,,,
"En matière de politique culturelle, quelle devrait être la priorité selon vous:","Augmenter fortement le budget de l'art, de la création culturelle et de la culture.",1,1,0,0,0,0,0,1,,,,,,,,
,"Favoriser l'entretien et la rénovation du patrimoine culturel français (châteaux, monuments, etc.) en y consacrant nettement plus de moyens.",0,0,0,0,0,1,1,0,,,,,,,,
,"Faciliter l'émergence de nouveaux artistes et de nouvelles productions culturelles en réservant 10% de la programmation (films, musique, pièces de théâtres, etc.) à la nouvelle création, donnant ainsi plus de visibilité aux jeunes artistes.",0,0,0,0,1,0,0,0,https://www.lemonde.fr/les-decodeurs/article/2022/02/16/election-presidentielle-2022-comparez-les-programmes-des-principaux-candidats_6113964_4355770.html,,,,,,,
,"Rendre la culture plus accessible aux jeunes en jumelant les écoles, collèges et lycées avec des institutions culturelles (conservatoires, musées, etc.) et des artistes.",0,0,1,0,0,0,0,0,,,,,,,,
,,,,,,,,,,,,,,,,,
Fonctionnement de l'Etat et des institutions,,,,,,,,,,,,,,,,,
,,,,,,,,,,,,,,,,,
"Concernant la fonction publique, il faut selon vous:","Titulariser les agents publics contractuels, embaucher massivement dans la fonction publique et revaloriser tous les fonctionnaires.",1,1,-1,0,0,-1,-1,1,,,,,,,,
,"Il faut embaucher davantage de fonctionnaires dans certains domaines clé (santé, éducation, ou sécurité), et revaloriser les salaires des enseignants.","0.5","0.5",1,0,1,"0.5","0.5","0.5","https://www.lemonde.fr/politique/article/2022/01/26/presidentielle-2022-la-fonction-publique-sujet-electoralement-sensible_6110973_823448.html


https://www.capital.fr/economie-politique/presidentielle-2022-fonctionnaires-decentralisation-les-programmes-tres-legers-des-candidats-pour-reduire-les-depenses-publiques-1426736",https://www.capital.fr/economie-politique/eric-zemmour-veut-faire-disparaitre-la-redevance-audiovisuelle-1422966,,,,,,
,Il faut supprimer des postes dans la fonction publique.,-1,-1,1,0,-1,-1,-1,-1,,,,,,,,
,,,,,,,,,,,,,,,,,
"Concernant le fonctionnement de l'Etat, il faut selon vous en priorité:","Supprimer des entités étatiques (agences, comités, etc.) afin de générer des économies et de renforcer les prérogatives des entités restantes.",-1,-1,1,0,-1,-1,-1,-1,,,,,,,,
,Supprimer des échelons d'administration locale afin de simplifier le fonctionnement des territoires.,1,0,1,0,0,1,0,-1,,,,,,,,
,Relancer la décentralisation afin de donner davantage d'autonomie aux collectivités locales.,"-0.5","0.5",1,0,1,-1,0,1,"https://www.lemonde.fr/politique/article/2022/01/26/presidentielle-2022-la-fonction-publique-sujet-electoralement-sensible_6110973_823448.html


https://www.capital.fr/economie-politique/presidentielle-2022-fonctionnaires-decentralisation-les-programmes-tres-legers-des-candidats-pour-reduire-les-depenses-publiques-1426736",https://twitter.com/zemmoureric/status/1459237491689598976,,,https://www.parismatch.com/Actu/Politique/Les-dix-mesures-phares-du-programme-de-Marine-Le-Pen-1241648,https://www.humanite.fr/politique/villes/fabien-roussel-veut-demetropoliser-la-france-737586,,
,Alléger les normes afin de faciliter le travail de l'administration et des entreprises.,-1,-1,1,0,-1,0,1,-1,,,,,,,,
,,,,,,,,,,,,,,,,,
"Etes-vous favorable à la transformation des élections législatives en élections à la proportionnelle ?

Une élection à la proportionnelle signifie que chaque parti obtiendrait un nombre de sièges proportionnel à son nombre de voix, contrairement à aujourd'hui, où le mode de scrutin uninominal majoritaire à deux tours implique au final de décider entre 2 candidats, ce qui introduit un écart entre la popularité d'un parti dans la société et sa représentativité à l'Assemblée Nationale.","Oui, totalement",1,1,0,-1,"0.5",1,1,1,,,,,,,,
,"Oui, partiellement (une partie des députés serait élue au scrutin majoritaire et une partie à la proportionnelle)","0.5","0.5",0,0,1,"0.5","0.5","0.5",https://www.lemonde.fr/les-decodeurs/article/2021/02/24/quel-serait-le-visage-de-l-assemblee-nationale-avec-la-proportionnelle-integrale-ou-partielle_6071093_4355770.html,https://lesamisdericzemmour.fr/eric-zemmour-la-proportionnelle-redonnera-des-couleurs-a-notre-theatre-dombres/,,,https://www.lemonde.fr/les-decodeurs/article/2021/02/24/quel-serait-le-visage-de-l-assemblee-nationale-avec-la-proportionnelle-integrale-ou-partielle_6071093_4355770.html,https://mobile.twitter.com/franceinfo/status/1486237815964725251,https://www.liberation.fr/politique/elections/ce-que-contient-le-programme-danne-hidalgo-pour-la-presidentielle-20220112_4B66A2CZ6FDX3KGSTVXL7WSG2Y/,
,Non,-1,-1,0,1,-1,-1,-1,-1,,,,,,,,
,,,,,,,,,,,,,,,,,
Fiscalité,,,,,,,,,,,,,,,,,
,,,,,,,,,,,,,,,,,
"Concernant la fiscalité en France, il faut selon vous:","Modifier l'impôt sur le revenu afin de le rendre plus progressif, notamment en créant de nouvelles tranches d'imposition, ce qui reviendrait à diminuer l'impôt des ménages modestes et des classes moyennes, et augmenter celui des plus riches.",1,1,-1,-1,0,-1,-1,1,,,,,,,,
,"Diminuer les prélèvements obligatoires pour les salariés (baisse des cotisations retraite, augmentation des salaires via le rachat de jours RTT par les entreprises, sans payer de cotisations patronales, etc.).",-1,-1,1,-1,-1,1,1,-1,https://www.lejdd.fr/Politique/presidentielle-les-propositions-des-candidats-sur-la-fiscalite-4092174,,,,,,,https://www.boursorama.com/patrimoine/actualites/les-propositions-fiscales-et-sociales-de-yannick-jadot-eb8b424c3b9c4d572abfa9a998612afd
,Exonérer les moins de 30 ans de l'impôt sur le revenu.,-1,-1,-1,-1,-1,1,-1,-1,,,,,,,,
,"Mettre en place un système de bonus/malus sur la fiscalité, notamment la TVA, afin d'encourager la consommation de produits respectueux de l'environnement.",0,1,-1,-1,0,-1,-1,0,,,,,,,,
,,,,,,,,,,,,,,,,,
"Concernant l'IFI:
IFI: impôt sur la fortune immobilière, s'appliquant aux personnes possédant plus d'1,3 million d'euros de patrimoine immobilier net (valeurs des biens - montant des dettes immobilières telles que les emprunts, les frais de rénovation, etc.
L'IFI a remplacé l'ISF depuis 2018.",Il ne faut rien changer.,-1,-1,-1,1,-1,-1,-1,-1,,,,,,,,
,Il faut conserver l'IFI mais exclure la résidence principale du calcul de l'IFI.,-1,-1,1,"-0.5",-1,0,1,-1,,,,,,,,
,"Il faut remplacer l'IFI par un impôt sur la fortune financière, qui concernerait les patrimoines supérieurs à 1,3 million d'euros mais dans lequel les biens immobiliers ne seraient pas comptabilisés.","-0.5","-0.5",-1,-1,"-0.5",1,0,"-0.5",https://www.lejdd.fr/Politique/presidentielle-les-propositions-des-candidats-sur-la-fiscalite-4092174,,,,https://www.lemonde.fr/election-presidentielle-2022/article/2021/12/02/marine-le-pen-propose-de-remplacer-l-ifi-par-un-impot-sur-la-fortune-financiere_6104442_6059010.html,https://www.rtl.fr/actu/politique/presidentielle-2022-nous-retablirons-l-isf-et-nous-le-triplerons-meme-affirme-roussel-7900121921,https://www.francetvinfo.fr/politique/anne-hidalgo/video-presidentielle-2022-l-isf-climatique-d-anne-hidalgo-alimentera-un-fonds-d-accompagnement-de-la-transition-ecologique_4820889.html,
,"Il faut supprimer l'IFI et réintroduire l'ISF, tout en augmentant le niveau de prélèvement de ce dernier.","0.5","0.5",-1,-1,"0.5",-1,-1,1,,,,,,,,
,"Il faut supprimer l'IFI et réintroduire l'ISF, avec un système de malus qui augmenterait le niveau d'imposition pour les individus dont les activités ou investissements sont nocifs pour le climat.",1,1,-1,-1,1,-1,-1,"0.5",,,,,,,,
,,,,,,,,,,,,,,,,,
"Concernant les droits de succession, il faut selon vous:
Plusieurs réponses possibles","Faciliter les donations (du vivant de la personne) en augmentant leurs montants et la fréquence elles sont possibles (actuellement, il est possible pour des parentes donner jusqu'à 100 000 euros par enfant, et pour des grands-parents, de donner jusqu'à 30 000 euros, tous les 15 ans, sans payer de taxe).",-1,-1,1,0,0,1,0,-1,,,,,,,,
,Faciliter la transmission d'entreprises familiales en les exonérant de droits de succession et de transmission.,-1,-1,0,0,-1,0,1,-1,,,,,,,,
,"Augmenter le montant de l'abattement personnel, pour les transmissions en ligne directe. (actuellement, 100 000 euros. Cela signifie que si mes parents me lèguent un patrimoine de 200 000 euros, et que je suis fils unique, je serai imposé sur 200 000 euros - l'abattement soit 100 000 euros).",1,1,1,0,1,1,0,1,,,,,,,,
,"Alléger la taxation des transmissions indirectes, par exemple (mais pas seulement) en augmentant le montant de l'abattement personnel pour les transmissions indirectes.",1,-1,1,0,1,0,0,-1,,,,,,,,
,"Comptabiliser toutes les transmissions, directes et indirectes, à tous les âges de la vie, dans le calcul des droits de succession, ce qui revient à augmenter la fiscalité des successions.",-1,1,-1,-1,-1,-1,-1,-1,,,,,,,,
,Augmenter les droits de succession pour les plus hauts patrimoines.,1,1,-1,-1,1,-1,-1,1,,,,,,,,
,,,,,,,,,,,,,,,,,
"Politique Economique & Sociale, immigration",,,,,,,,,,,,,,,,,
,,,,,,,,,,,,,,,,,
"Concernant la réforme de l'assurance-chômage mise en oeuvre par Emmanuel Macron et qui est entrée en vigueur en 2021, il faut selon vous:

Les principaux changements de la réforme sont:
- la mise en place d'un système de bonus/malus pour les entreprises afin de les inciter à embaucher des salariés en CDI ou CDD longs. Elles peuvent être pénalisées si elles multiplient les contrats courts.
- l'allongement de la durée de travail nécessaire afin de pouvoir bénéficier des allocations chômage: il faut avoir travaillé 6 mois sur les derniers 24 mois, contre 4 mois auparavant.
- la dégressivité plus rapide des indemnités pour les hauts revenus: les personnes dont le dernier était salaire était supérieur à 3500 euros nets menusels voient leurs allocations diminuer de 30% à partir du 7e mois; auparavant la dégressivité commençait au 9e mois.",Ne rien changer.,-1,-1,0,1,-1,-1,0,-1,,,,,,,,
,"Poursuivre la réforme en rendant les prestations dégressives plus rapidement afin d'inciter plus fermement les bénéficiaires à retrouver un travail ou à se former, et décourager l'inactivité choisie.",-1,-1,1,-1,-1,-1,0,-1,"https://www.lemonde.fr/economie/article/2021/12/01/assurance-chomage-le-dernier-volet-de-la-reforme-controversee-entre-en-vigueur_6104272_3234.html

https://www.lemonde.fr/les-decodeurs/article/2022/02/16/election-presidentielle-2022-comparez-les-programmes-des-principaux-candidats_6113964_4355770.html",,,,https://www.bfmtv.com/economie/pour-marine-le-pen-la-reforme-de-l-assurance-chomage-est-honteuse-stupide-et-indigne_AN-202103110607.html,https://www.fabienroussel2022.fr/objectif_1,,
,Abroger la réforme de l'assurance-chômage.,1,1,-1,-1,1,1,0,1,,,,,,,,
,,,,,,,,,,,,,,,,,
"Concernant les minima sociaux en France (allocation adulte handicapé, RSA, allocation de solidarité spécifique, minimum vieillesse, etc.), il faut selon vous:","Créer un revenu minimum mensuel, qui pourrait par exemple fusionner des aides existantes, pour renforcer la solidarité envers les personnes vulnérables, garantir à chacun un revenu et éviter que des personnes ne sollicitent pas des prestations auxquelles elles auraient droit.",1,1,-1,-1,0,-1,-1,0,,,,,,,,
,"Ouvrir le RSA dès 18 ans, à condition que les bénéficiaires suivent une formation ou se situent sous un certain niveau de revenus.",0,0,-1,-1,0,-1,-1,1,https://www.lemonde.fr/les-decodeurs/article/2022/02/16/election-presidentielle-2022-comparez-les-programmes-des-principaux-candidats_6113964_4355770.html,https://www.lopinion.fr/economie/prestations-sociales-les-etrangers-dans-le-viseur,,https://www.lopinion.fr/economie/prestations-sociales-les-etrangers-dans-le-viseur,,,,
,"Limiter l'accès des personnes étrangères aux minima sociaux, en instaurant par exemple l'obligation d'avoir travaillé au moins cinq ans en France pour en bénéficier.",-1,-1,1,-1,-1,1,0,-1,,,,,,,,
,Exclure les personnes étrangères des minima sociaux.,-1,-1,0,-1,-1,0,1,-1,,,,,,,,
,,,,,,,,,,,,,,,,,
"Concernant les bas salaires, il faut selon vous :

Les charges sociales désignent les montants prélevés par l'Etat pour financer certaines aides telles que la sécurité sociale, les pensions de retraite ou l'assurance-chômage.",Augmenter le montant du SMIC.,1,1,-1,-1,1,-1,-1,1,,,,,,,,
,"Il faut diminuer les charges sociales des entreprises pour les salaires modestes, ce qui se traduirait par une hausse de ces salaires.",-1,-1,0,0,-1,1,1,-1,,,,,,,,
,"Il faut transférer certaines charges sociales des entreprises vers l'Etat, pour les salaires modestes, ce qui permettrait aux entreprises de reverser ces montants vers les salariés. ",-1,-1,1,0,-1,0,0,-1,https://www.lemonde.fr/les-decodeurs/article/2022/02/16/election-presidentielle-2022-comparez-les-programmes-des-principaux-candidats_6113964_4355770.html,,,https://www.lefigaro.fr/conjoncture/comment-valerie-pecresse-veut-augmenter-le-salaire-net-de-10-dans-le-prive-20220110,,,,
,Il ne faut rien changer.,-1,-1,-1,1,-1,-1,-1,-1,,,,,,,,
,,,,,,,,,,,,,,,,,
"Concernant l'âge de départ à la retraite, il faut selon vous:

Actuellement, l'âge légal de départ à la retraite est de 62 ans (même s'il existe des exceptions permettant des départs en retraite anticipée). Cela signifie qu'à partir de 62 ans, il est possible de partir à la retraite, soit à taux plein si les conditions sont réunies (nombre d'annuités cotisées notamment), soit à un taux réduit.
Il est également possible de continuer à travailler, soit pour bénéficier d'une surcote (bonification du montant de la pension de retraite), soit pour atteindre l'âge du taux maximum automatique (entre 65 et 67 ans selon les situations).",Rétablir la retraite à 60 ans (l'âge légal du départ à la retraite avant la réforme de Nicolas Sarkozy en 2010).,1,1,-1,-1,0,-1,-1,1,,,,,,,,
,Ne pas modifier l'âge de départ à la retraite.,-1,-1,-1,0,1,1,-1,-1,https://www.lemonde.fr/les-decodeurs/article/2022/02/16/election-presidentielle-2022-comparez-les-programmes-des-principaux-candidats_6113964_4355770.html,,,,,,,
,"Repousser l'âge de départ à la retraite (à 64 ou 65 ans), sauf pour les carrières longues ou pénibles.",-1,-1,1,0,-1,-1,1,-1,,,,,,,,
,,,,,,,,,,,,,,,,,
"Concernant l'acquisition de la nationalité française et les travailleurs clandestins, il faut:",Régulariser les travailleurs sans papiers et faciliter l'accès aux visas pour séjourner en France.,1,1,-1,-1,0,-1,-1,1,,,,,,,,
,Ne rien changer.,-1,-1,-1,1,1,-1,-1,-1,,,,,,,,
,"Durcir les conditions d'accès à la carte de séjour, au regroupement familial et à la nationalité française par le droit du sol: obligation de posséder un logement adapté, relèvement du niveau de revenus exigé, vérification de la bonne assimilation de la personne (maîtrise du français, connaissance de la culture française, respect des valeurs nationales).

Le regroupement familial désigne la procédure par laquelle une personne étrangère résidant légalement en France peut être rejointe par son conjoint et son / ses enfants.",-1,-1,1,-1,-1,"0.5","0.5",-1,https://www.lemonde.fr/les-decodeurs/article/2022/02/16/election-presidentielle-2022-comparez-les-programmes-des-principaux-candidats_6113964_4355770.html,,,,,,,
,"Supprimer le droit du sol, durcir les règles de naturalisation, limiter voire supprimer le regroupement familial, et recourir plus systématiquement à la déchéance de nationalité pour sanctionner les binationaux qui enfreindraient la loi.

Le droit du sol est l'une des deux façons d'obtenir la nationalité française: l’enfant né en France de parents étrangers nés à l’étranger, acquiert la nationalité française automatiquement et de plein droit à sa majorité.",-1,-1,"0.5",-1,-1,1,1,-1,,,,,,,,
,,,,,,,,,,,,,,,,,
Politique Environnementale,,,,,,,,,,,,,,,,,
,,,,,,,,,,,,,,,,,
"Concernant l'utilisation de pesticides au sein des exploitations agricoles, il faut selon vous:","Interdire immédiatement l'utilisation des pesticides les plus dangereux (néonicotinoïdes, glyphosate).

Les néonicotinoïdes sont une famille de produits insecticides. Ils affectent notamment et de manière importante les abeilles.
Le glyphosate est un herbicide, produit notamment par Monsanto sous la marque Roundup. Malgré ses probables effets cancérogènes, il est fortement utilisé en agriculture intensive.",1,1,-1,-1,1,-1,-1,"0.5",,,,,,,,
,Créer une agence européenne chargée d'homologuer des alternatives naturelles aux pesticides et aux herbicides et investir massivement dans ce secteur. ,0,0,-1,-1,0,-1,-1,1,"https://www.lemonde.fr/les-decodeurs/article/2022/02/16/election-presidentielle-2022-comparez-les-programmes-des-principaux-candidats_6113964_4355770.html

https://www.reussir.fr/arret-du-glyphosate-le-sujet-qui-divise-les-candidats-lelection-presidentielle-2022",,,,,,,
,"Continuer à utiliser des pesticides et herbicides dans les exploitations agricoles, dans le respect des normes européennes (le glyphosate est autorisé par l'UE).",-1,-1,1,1,-1,1,1,-1,,,,,,,,
,,,,,,,,,,,,,,,,,
"Concernant les conditions d'élevage et l'abattage des animaux en France, faudrait-il selon vous:","Mettre fin aux élevages dits industriels ou intensifs, qui comptent des centaines ou des milliers d'animaux sur une seule propriété et dont l'objectif est de produire la plus grande quantité de viande possible, le plus rapidement possible.
Cet objectif peut être atteint par l'élevage de variétés d'animaux qui grossissent plus vite, ou une alimentation spécifique qui vise à augmenter leur masse musculaire.
Dans ces élevages, les animaux ont souvent un espace limité, peu ou pas d'accès à l'air libre, et ont une durée de vie très courte.",1,1,-1,0,-1,-1,-1,1,,,,,,,,
,Engager une discussion avec les associations et les agriculteurs pour renforcer les normes en matière d'élevage et d'abattage.,0,0,"0.5",0,1,0,-1,0,,https://www.youtube.com/watch?v=7fzZQas3nlQ&ab_channel=HDMedia,,,https://www.politique-animaux.fr/marine-le-pen?theme=elevage,,,
,"Interdire l'abattage sans étourdissement.
A l'abattoir, lors d'un abattage traditionnel, les animaux sont étourdis, c'est-à-dire rendus inconscients, avant d'être mis à mort. Il s'agit d'une obligation légale.
Toutefois, une exception existe pour l'abattage rituel. En effet, pour qu'une viande soit certifiée halal en France, il est nécessaire qu'elle provienne d'un animal abattu sans étourdissement, qui est donc encore conscient lors de la mise à mort.
Cette problématique concerne également la certification casher. Néanmoins, il existe des désaccords au sein des communautés religieuses sur l'étourdissement. En effet, des personnalités religieuses juives et musulmanes se sont déjà prononcées sur la compatibilité entre étourdissement et conformité à la norme religieuse. Par ailleurs, des pays à majorité musulmane comme l'Indonésie ou la Jordanie pratiquent l'étourdissement des animaux avant l'abattage.",1,1,0,0,0,1,-1,0,https://www.lemonde.fr/les-decodeurs/article/2022/02/16/election-presidentielle-2022-comparez-les-programmes-des-principaux-candidats_6113964_4355770.html,,,https://www.politique-animaux.fr/droit-animal/valerie-pecresse-sur-les-conditions-d-elevage-et-d-abattage-je-travaillerai-avec-les-as,,,,
,"Ne rien changer, les normes actuelles sont suffisantes.",-1,-1,1,0,-1,-1,1,-1,,,,,,,,
,,,,,,,,,,,,,,,,,
"Concernant l'utilisation de l'automobile en France, faut-il:",Interdire d'ici une dizaine d'années la vente de véhicules thermiques neufs.,0,1,1,0,1,-1,-1,0,,,,,,,,
,"Favoriser le remplacement des véhicules thermiques par des véhicules électriques, à travers des prêts à taux zéro ou l'augmentation des primes (prime à la casse, prime à la conversion, etc.)",-1,"0.5",1,0,1,0,0,1,https://www.lemonde.fr/les-decodeurs/article/2022/02/16/election-presidentielle-2022-comparez-les-programmes-des-principaux-candidats_6113964_4355770.html,,,,https://www.capital.fr/auto/automobilistes-voici-ce-que-vous-reservent-les-candidats-a-lelection-presidentielle-1427352,https://www.tf1info.fr/politique/presidentielle-2022-programme-fabien-roussel-propose-prime-conversion-pouvant-aller-jusqu-a-10-000-euros-13h-tf1-2207910.html,,
,Développer l'offre de transports en commun décarbonés et de vélos pour offrir des alternatives aux véhicules individuels.,1,1,1,0,1,0,0,0,,,,,,,,
,Il ne faut pas imposer de contraites supplémentaires aux automobilistes.,-1,-1,-1,0,-1,1,1,"0.5",,,,,,,,
,,,,,,,,,,,,,,,,,
"Concernant la chasse en France, faut-il selon vous:","Interdire certaines pratiques de chasse dites traditionnelles (notamment la chasse à courre), qui peuvent être considérées comme cruelles pour les animaux.",1,"0.5",-1,-1,-1,"0.5",-1,-1,,,,,,,,
,"Interdire la chasse le weekend et durant les vacances scolaires, afin de garantir aux promeneurs un accès libre et sans risque à la nature.",1,1,-1,-1,-1,-1,-1,-1,"https://www.lemonde.fr/les-decodeurs/article/2022/02/16/election-presidentielle-2022-comparez-les-programmes-des-principaux-candidats_6113964_4355770.html

https://www.chassons.com/chasse-en-france/faits-divers/jean-luc-melenchon-je-nai-jamais-vu-personne-chasser-les-sangliers-a-la-glu/368909/",,,,https://www.franceculture.fr/emissions/reportage-de-la-redaction/marine-le-pen-et-les-chasseurs-je-taime-moi-non-plus,,,
,Ne rien changer à la législation actuelle.,-1,-1,1,1,1,1,1,1,,,,,,,,
,,,,,,,,,,,,,,,,,
Affaires étrangères et Défense,,,,,,,,,,,,,,,,,
,,,,,,,,,,,,,,,,,
"Concernant la politique de la France vis-à-vis de l'Union Européenne:
Plusieurs réponses possibles",Il faut faire primer le droit français sur le droit européen.,0,-1,"0.5",0,-1,1,1,0,,,,,,,,
,"Il faut abolir le pacte de stabilité et de croissance. 

Le pacte de stabilité et de croissance est le mécanisme par lequel les budgets des Etats européens sont surveillés afin d'éviter les dérapages, notamment des déficits budgétaires supérieurs à 3%. L'application du pacte est suspendue depuis mars 2020 afin de permettre aux Etats européens de faire face aux conséquences économiques de l'épidémie de Covid-19).",1,1,"0.5",0,1,0,0,1,,,,,,,,
,"Il faut modifier le calcul de la règle des 3% de déficit afin d'en exclure certains investissements, notamment ceux liés à la transition énergétique.","0.5","0.5",1,0,"0.5",0,0,"0.5",https://www.lemonde.fr/les-decodeurs/article/2022/02/16/election-presidentielle-2022-comparez-les-programmes-des-principaux-candidats_6113964_4355770.html,,,,,,,
,"Il faut si nécessaire sortir de manière sélective des mécanismes européens en recourant à l'opt-out (procédé par lequel un Etat peut ne pas appliquer une politique communautaire, sans toutefois empêcher son adoption par d'autres Etats membres).",1,0,-1,0,-1,1,1,1,,,,,,,,
,Il faut renforcer le rôle du Parlement européen et du procureur européen.,0,1,-1,0,0,-1,-1,-1,,,,,,,,
,,,,,,,,,,,,,,,,,
"Suite à l'invasion de l'Ukraine par la Russie, soutenez-vous plutôt:",Une politique de sanctions ferme et d'isolement de la Russie afin de la contraindre à cesser son invasion et permettre des négociations.,"-0.5",1,1,1,1,"-0.5",0,0,,,,,,,,
,Une politique de médiation qui permettrait de mettre fin aux opérations militaires russes en s'engageant en contrepartie à ce que l'Ukraine ne rejoigne jamais l'OTAN / maitienne un statut neutre.,1,-1,-1,-1,-1,1,1,1,https://www.lemonde.fr/les-decodeurs/article/2022/02/16/election-presidentielle-2022-comparez-les-programmes-des-principaux-candidats_6113964_4355770.html,,,,,,,
,,,,,,,,,,,,,,,,,
"Concernant la présence militaire française à l'étranger, il faut selon vous:",Fermer les bases militaires françaises à l'étranger et mettre fin partiellement ou totalement aux opérations extérieures françaises. ,1,-1,-1,-1,-1,-1,-1,1,,,,,,,,
,"Ne pas modifier la posture française: interventions sélectives dans le cadre de coalitions de pays partenaires, notamment pour lutter contre le terrorisme.",-1,1,1,1,1,1,0,-1,,,,,,,,
,Augmenter la présence militaire française à l'étranger.,-1,-1,-1,-1,-1,-1,1,-1,,,,,,,,
,,,,,,,,,,,,,,,,,
"Concernant le rôle de la France dans l'OTAN:

Infos: l'OTAN est l'Organisation du Traité de l'Atlantique Nord, une alliance militaire défensive comptant 28 pays, dont 26 européens et deux américains (USA et Canada). L'OTAN entretient aussi des liens avec d'autres pays (Australie, Japon), par le biais de partenariats.

Les pays membres de l'OTAN s'engagent à se soutenir mutuellement en cas d'agression par un pays tiers. Notons que les coalitions d'intervention en Libye, en Irak et Syrie, bien que largement composées de pays membres de l'OTAN, étaient organisées par des partenariats multilatéraux hors cadre OTAN, à laquelle la participation n'est pas obligatoire.
Les pays membres s'engagent aussi à participer à la défense commune, en finançant à bon niveau leurs moyens militaires (seuil de 2% du PIB affecté aux dépenses militaires, non obligatoire mais considéré comme un engagement à atteindre puis tenir), et en participant, à la mesure de leurs moyens, aux opérations militaires communes.

Le commandement intégré de l'OTAN désigne un Etat-major interalliés chargé de planifier des opérations militaires en cas de conflits, de définir la stratégie de l'Alliance, et d'organiser des exercices pour garantir l'interopérabilité des armées de l'OTAN, c'est-à-dire, l'aptitude pour des armées étrangères à fonctionner ensemble. En cas de conflit majeur engageant tous les pays de l'Alliance, le commandement intégré contrôlerait l'ensemble des forces de l'OTAN, sur le modèle du commandement des forces alliées de la Seconde Guerre Mondiale, ou du United Nations Command durant la guerre de Corée.

Notons qu'en temps de paix, le commandement intégré n'a aucun contrôle direct sur les forces de l'Alliance. Chaque pays met à disposition de l'OTAN des troupes en fonction de son niveau d'engagement militaire et des besoins des opérations.   ",Il faut rester dans l'OTAN et le commandement intégré.,-1,1,1,1,1,-1,-1,-1,,,,,,,,
,Il faut rester dans l'OTAN mais sortir du commandement intégré.,"0.5",-1,-1,-1,-1,1,1,"0.5",https://www.lemonde.fr/les-decodeurs/article/2022/02/16/election-presidentielle-2022-comparez-les-programmes-des-principaux-candidats_6113964_4355770.html,,,,,https://www.franceinter.fr/emissions/questions-politiques/questions-politiques-du-dimanche-19-septembre-2021,,
,Il faut sortir de l'OTAN.,1,-1,-1,-1,-1,-1,-1,1,,,,,,,,
,,,,,,,,,,,,,,,,,
Justice,,,,,,,,,,,,,,,,,
,,,,,,,,,,,,,,,,,
"Concernant le service public de la justice, il est nécessaire de :",Recruter des magistrats et des greffiers pour accélérer le traitement des affaires judiciaires.,1,1,1,0,1,1,1,1,,,https://melenchon2022.fr/programme/comparateur/les-propositions-deric-zemmour-et-lavenir-en-commun/,,,,,
,Accentuer les mesures de réinsertion (mesures alternatives à l'emprisonnement comme des peines de travaux d'intérêt général).,0.5,1,-0.5,0,1,-1,-1,1,,,,,,https://www.fabienroussel2022.fr/il_faut_investir_dans_la_pr_vention_et_la_justice,,
,"Restaurer des peines planchers, c'est à dire des peines incompressibles (minimales) imposées par la loi.",-1,-0.5,1,0,0,1,1,-1,,,,,,,,
,Construire des places de prison supplémentaires.,1,0,1,0,-0.5,1,1,-1,,,,,,,,
,,,,,,,,,,,,,,,,,
"En France, la justice est exercée par deux types de magistrats. Premièrement, les magistrats du siège (les juges), qui tranchent les litiges, sont indépendants et inamovibles (c'est à dire qu'ils ne peuvent être affectés sur une nouveau poste sans leur consentement). Ils sont nommés de manière indépendante du pouvoir politique, par le Conseil Supérieur de la Magistrature (CSM). Deuxièmement, les magistrats du parquet (les procureurs), qui proposent les peines et défendent les intérêts de la société, sont placés sous l'autorité du ministère de la justice (garde des sceaux). Ils sont nommés par le gouvernement, sur avis simple du CSM (c'est-à-dire qu'il est possible de ne pas en tenir compte). Certains candidats estiment que cette dernière situation est anormale, car elle permettrait de faire intervenir des choix politiques dans les décisions judiciaires, notamment dans les nominations. Selon vous, il faudrait :",Supprimer la tutelle du ministre de la justice sur le parquet en donnant le pouvoir de nomination au Conseil Supérieur de la Magistrature afin de renforcer l'indépendance de la justice.,1,1,-1,0,1,-1,-1,0,,,,,,,,https://www.lemondedudroit.fr/decryptages/79822-presidentielle-2022-quelles-sont-les-propositions-en-matiere-de-justice-de-yannick-jadot.html
,"Ne rien changer, il est normal que le gouvernement puisse choisir les magistrats dont la mission est de défendre les intérêts de la société.",-1,-1,1,0,-1,1,1,0,,,,,,,,
,,,,,,,,,,,,,,,,,
"Concernant la justice pour mineurs, il faut ",Abaisser la majorité pénale à 16 ans.,-1,0,1,0,-0.5,1,1,-0.5,,,,,,,,
,Augmenter le nombre de centres éducatifs.,0,0,-0.5,0,1,-1,-1,0.5,,,,,https://mlafrance.fr/pdfs/projet-la-securite.pdf,,,
,Favoriser l’accompagnement et les alternatives à l’incarcération.,1,0,-1,0,1,-1,-1,1,,,,,,,,
,,,,,,,,,,,,,,,,,
Energie,,,,,,,,,,,,,,,,,
,,,,,,,,,,,,,,,,,
"Concernant le nucléaire, vous estimez que:","Il faut préserver le parc nucléaire français et continuer à le moderniser, en entretenant les vieilles centrales et/ou en en construisant de nouvelles.
",-1,-1,1,1,-1,1,1,1,,,,,,,,
,"Il faut conserver une part d'énergie nucléaire mais démanteler les centrales nucléaires viellissantes, les remplacer par des énergies renouvelables, et ne pas construire de nouvelles centrales.",0.5,-0.5,-1,-1,-1,-1,-1,1,,,,,,,,
,Il faut sortir rapidement (20-30 ans) du nucléaire et amorcer une véritable transition énergétique vers le tout-renouvelable.,1,1,-1,-1,1,-1,-1,-1,,,https://www.bfmtv.com/politique/jean-luc-melenchon-il-faut-sortir-du-nucleaire-parce-que-c-est-dangereux_VN-202201160153.html,,,,,
,,,,,,,,,,,,,,,,,
Etes-vous plutôt pour : ,Renationaliser EDF et revenir sur la libéralisation du marché.,1,1,-1,-1,0,1,0.5,1,,,,,http://www.institutmontaigne.org/presidentielle-2017/propositions/marine-le-pen-climat-environnement-et-agriculture-nationaliser-edf,,,https://www.lemonde.fr/politique/article/2022/01/16/yannick-jadot-veut-renationaliser-edf-et-souhaite-une-commission-d-enquete-sur-le-fiasco-de-flamanville_6109726_823448.html
,Augmenter la concurrence en réformant le tarif régulé.,-1,-1,1,-1,-1,-0.5,-1,-1,,,,,,https://revue-progressistes.org/2022/02/16/entretien-nucleaire-climat-edf-fabien-roussel-expose-sa-vision/,,
,Réduire les importations d’hydrocarbures.,0.5,1,1,0.5,1,1,1,0.5,,,,,,,,https://twitter.com/yjadot/status/1453975666639134720
,,,,,,,,,,,,,,,,,
"Concernant les énergies vertes et renouvelables, il faut ","Stopper le développement et les subventions dans les énergies intermittentes (éolienne, énergie solaire).",-1,-1,-1,0,-1,1,1,-1,,,,,,,https://www.capital.fr/economie-politique/presidentielle-anne-hidalgo-veut-sortir-du-nucleaire-aussi-vite-que-lon-va-faire-monter-les-energies-renouvelables-1417827,
,"Assurer un ""mix énergétique"" entre les énergies carbonnées et les énergies renouvelables.",-1,-1,1,0,-0.5,-0.5,-1,1,,,,,,,,
,Sortir des énergies carbonnées et les remplacer totalement par des énergies renouvelables.,1,1,0.5,0,1,-0.5,-1,1,,,,,,,,
,,,,,,,,,,,,,,,,,
Santé,,,,,,,,,,,,,,,,,
,,,,,,,,,,,,,,,,,
"Concernant la gestion des EHPAD, il serait selon vous nécessaire de :","Recruter massivement afin d'assurer pour chaque résident, un minimum de soignants.",1,1,-1,0,1,0.5,-1,1,,,,,,,,
,"Renforcer le contrôle, par exemple en accentuant leur surveillance par les ARS ou en créant une tutelle de l'Etat.",0.5,1,0.5,0,-1,-1,1,1,,,,,,,,
,Repenser entièrement la prise en charge des personnes âgées en créant un service public dédié.,1,-1,0.5,0,1,-1,-1,-1,,,,,,,,